trackName,artistName,num_stream,avg_perc_streamed,num_stream_score,skip_cume_dist,score
"Son of Beast",to1,845,98.17,100,91.96,96.71
"Rock with you",seventeen,582,97.98,99.95,91.85,96.59
"You make Me",day6,108,98.59,98.83,92.08,96.5
"Ready to love",seventeen,255,97.76,99.63,91.79,96.39
WAVE,cix,187,97.42,99.25,91.91,96.19
"0X1=LOVESONG (I Know I Love You) feat. Seori","tomorrow x together",497,97.12,99.89,91.4,96.14
"Tear Drop",sf9,289,96.99,99.68,91.74,96.14
"everything sucks (feat. Eric Nam)",vaultboy,243,97.25,99.47,91.62,96.11
Lazy,woosung,192,97.06,99.31,91.68,96.02
"Down (Kor ver.)",a.c.e,329,96.84,99.73,91.45,96.01
"Down (feat. Grey)",a.c.e,475,96.59,99.84,91.34,95.92
Cinema,cix,250,96.60,99.57,91.57,95.91
SIMPLE,seventeen,361,95.00,99.79,91.11,95.3
"One of Those Nights",key,243,94.90,99.52,91,95.14
"Like always",x1,104,94.03,98.72,91.17,94.64
"Now or Never",sf9,93,94.99,98.29,90.61,94.63
TWILIGHT,wei,87,94.54,97.97,90.66,94.39
"Mixtape : OH","stray kids",191,93.28,99.36,90.49,94.38
"From Zero","monsta x",106,92.24,98.77,89.87,93.63
"Pump It Up","golden child",58,96.60,92.16,91.28,93.35
HIGHLIGHT,seventeen,77,92.52,97.6,89.7,93.27
"Good Guy",sf9,103,91.38,98.61,89.76,93.25
"Pretty U",seventeen,140,91.06,99.15,89.47,93.23
PHOTO,verivery,87,92.80,98.03,88.74,93.19
Magic,"tomorrow x together",81,92.08,97.92,89.53,93.18
Tamed-Dashed,enhypen,30,99.66,87.68,92.02,93.12
"Love Killa","monsta x",67,92.51,96.69,89.98,93.06
FLASH,x1,64,94.63,94.19,90.21,93.01
OMG,"golden child",102,91.04,98.93,88.85,92.94
"SPIN OFF",up10tion,151,91.16,99.2,88.29,92.88
"17 (feat. Joshua and DK of SEVENTEEN)","pink sweat$",75,91.67,97.44,89.47,92.86
Lose,wonho,57,95.29,91.47,91.51,92.76
"Why Not",loona,64,93.81,94.19,89.93,92.64
"Do Re Mi",seventeen,74,91.24,97.28,88.79,92.44
Spider,hoshi,59,94.03,92.16,91.06,92.42
"Merry Bad Ending","the boyz",79,91.92,97.92,87.38,92.41
"MOON RIDER",bdc,129,90.55,99.04,86.93,92.17
Energetic,"wanna one",58,93.46,92.16,90.55,92.06
"Make A Wish (Birthday Song)","nct u",55,94.33,90.56,90.78,91.89
THANKS,seventeen,85,90.33,98.13,87.15,91.87
"We Ride","brave girls",57,93.54,91.47,90.44,91.82
"無限的我 무한적아; LIMITLESS","nct 127",72,90.11,96.91,88.4,91.81
View,shinee,103,89.44,98.67,87.04,91.72
Easy,"stray kids",99,89.78,98.51,86.64,91.64
Valkyrie,oneus,57,93.36,91.47,90.1,91.64
"pporappippam 보라빛 밤",sunmi,73,89.35,97.17,88.23,91.58
"nostalgic night",victon,61,91.34,93.17,89.59,91.37
LO$ER=LO♡ER,"tomorrow x together",41,94.30,88.53,91.23,91.35
Thunderous,"stray kids",48,93.84,89.39,90.72,91.32
Celebrity,iu,66,90.69,96.37,86.64,91.23
TRIGGER,verivery,42,94.04,88.64,90.95,91.21
"Slow Dive",a.c.e,98,89.18,98.4,85.74,91.11
BEcause,dreamcatcher,59,91.83,92.37,89.02,91.07
Colors,yunhway,56,92.30,90.83,90.04,91.06
"MOVE (Prod. by ZICO) - X1 Version",x1,62,90.97,93.17,88.96,91.03
"After Midnight",astro,56,91.30,91.68,89.64,90.87
"Pool Party (Feat. E-CHAN of DKB)","brave girls",79,89.17,97.81,85.4,90.79
"What Happened","golden child",76,88.58,97.76,85.46,90.6
LUNA,oneus,18,94.68,86.19,90.38,90.42
Anyone,seventeen,75,88.08,97.65,85.29,90.34
"B Me","stray kids",65,89.16,95.25,86.42,90.28
Look,got7,59,91.27,92.16,87.32,90.25
"Hello Stranger","stray kids",70,88.12,96.37,86.19,90.23
RIDE,knk,76,88.10,97.6,85,90.23
Epiphany,bts,61,90.50,93.17,86.98,90.22
|Believer|,sf9,40,92.36,88.53,89.47,90.12
"Under Cover",a.c.e,57,89.79,91.47,88.91,90.06
Volcano,"nct u",65,88.69,94.99,86.42,90.03
"Shoot Me",day6,63,89.64,94.19,86.19,90.01
"Oh My!",seventeen,56,90.22,91.47,88.17,89.95
Howling,victon,60,88.96,92.37,88.51,89.95
BOSS,nct,62,89.33,93.17,87.21,89.9
Sugar,"kim woo seok",66,88.52,95.25,85.91,89.89
Q&A,seventeen,67,87.92,96.11,85.57,89.87
Try,"just b",14,93.69,84.85,90.95,89.83
Nostalgia,drippin,51,90.95,89.92,88.46,89.78
"Switch It Up (feat. sokodomo) - Prod. Cha Cha Malone","jay b",56,90.24,90.83,88.17,89.75
"Work Hard",dkb,64,88.00,94.72,86.25,89.66
Flame,cravity,69,88.57,96.11,84.21,89.63
"What Do I Know","ed sheeran",29,91.31,87.41,90.15,89.62
"Feel Good (SECRET CODE)",fromis_9,69,87.83,96.37,84.21,89.47
"LET ME","golden child",60,88.86,92.64,86.87,89.46
"All Your Fault (Feat. GRAY)",yugyeom,65,87.71,95.25,85.23,89.4
"Movie Star",cix,94,87.64,98.29,82.23,89.39
"Good to Me",seventeen,64,88.66,94.19,85.12,89.32
"BLACK MIRROR",oneus,59,87.72,93.55,86.7,89.32
Going,gemini,57,89.93,91.68,86.3,89.3
"THRILL RIDE","the boyz",21,91.45,86.51,89.81,89.26
"My Turn",cravity,68,87.31,95.68,84.49,89.16
Queendom,"red velvet",22,91.86,86.77,88.57,89.07
Sacrifice,"han seungwoo",52,90.25,90.13,86.76,89.05
"I Feel So Lucky (feat. A.C.E)",hcue,44,89.87,89.01,88.17,89.02
"Bloom Bloom","the boyz",62,87.62,93.55,85.85,89.01
"On my own",woodz,55,89.18,90.56,87.27,89
"B.T.W (feat. Jay Park) - Prod. Cha Cha Malone","jay b",41,91.78,88.37,86.81,88.99
Baby,astro,66,87.66,94.99,84.21,88.95
"Life Goes On",bts,57,89.73,91.47,85.63,88.94
Bambi,baekhyun,72,85.55,97.01,84.21,88.92
Fear,seventeen,133,87.16,99.09,80.48,88.91
I.P.U,oneus,67,86.78,95.68,84.27,88.91
시작,gaho,61,88.89,92.64,85.17,88.9
"I Like That","lee jin hyuk",65,87.25,94.72,84.55,88.84
"Cherry Bomb","nct 127",69,86.16,96.11,84.21,88.83
"Move My Body",cix,46,89.97,89.33,87.1,88.8
"Adore U",seventeen,67,87.73,96.11,82.34,88.73
Together,seventeen,70,87.40,96.69,82.06,88.72
DOMINO,"stray kids",21,90.83,86.51,88.34,88.56
"Giddy Up","the boyz",57,89.27,92.16,84.21,88.55
"PTT (Paint The Town)",loona,44,89.82,89.01,86.64,88.49
"Ohh Ahh",cravity,60,87.31,93.17,84.83,88.44
COOL,"weki meki",60,87.78,92.37,84.83,88.33
"STAY YOUNG",ab6ix,63,86.52,94.19,84.21,88.31
寂寞号登机口,文俊辉,62,86.02,94.19,84.61,88.27
"Lay Back",verivery,110,85.33,98.88,80.53,88.25
"Snap Shoot",seventeen,116,84.93,98.99,80.81,88.24
Accident,woodz,68,86.20,96.69,81.49,88.13
"Young Blood",drippin,58,86.92,91.68,85.8,88.13
Daisy,pentagon,72,86.49,96.91,80.76,88.05
"Take Me Higher - Complete Version",a.c.e,57,87.40,91.47,85,87.96
Décalcomanie,mamamoo,68,86.00,95.68,82.17,87.95
"FAME (feat. JUNNY) - Prod. GroovyRoom","jay b",46,89.28,89.92,84.44,87.88
"Summer Breeze",sf9,67,85.45,96.11,81.95,87.84
"Solo (feat. Hoody)","jay park",100,85.53,98.51,79.34,87.79
Phobia,"stray kids",50,88.89,89.71,84.72,87.77
"Hot Sauce","nct dream",53,87.89,90.24,84.66,87.6
CROWN,"tomorrow x together",60,86.14,92.37,84.21,87.57
GLASSY,"jo yuri",36,89.34,87.95,85.34,87.54
"Blue Flame",astro,75,84.83,97.28,80.19,87.43
MAGO,gfriend,64,87.46,94.19,80.65,87.43
Genie,"golden child",68,84.35,95.68,82.17,87.4
"Heart to Break","kim petras",47,86.87,89.49,85.68,87.35
"Fireworks (I'm The One)",ateez,72,85.10,97.17,79.63,87.3
D.D.D,"the boyz",64,86.65,94.19,80.65,87.16
"I am YOU","stray kids",66,85.26,94.99,81.1,87.12
Candy,baekhyun,55,86.42,90.56,84.38,87.12
하이힐,"brave girls",65,85.68,94.72,80.19,86.86
"Get Away",verivery,55,85.31,90.83,84.38,86.84
Beautiful,gaho,63,85.42,94.72,80.31,86.82
REVEAL,"the boyz",7,96.50,72.85,90.95,86.77
riBBon,bambam,60,84.71,94.19,80.93,86.61
FUN!,fromis_9,5,100.00,59.73,100,86.58
Home,seventeen,65,85.86,94.72,79.17,86.58
"MY I",seventeen,5,100.00,59.73,100,86.58
"Killing Me","chung ha",5,100.00,59.73,100,86.58
Pirate,everglow,5,100.00,59.73,100,86.58
"I Don't Know",seventeen,63,84.55,94.72,80.31,86.53
"Déjà Vu","nct dream",72,84.07,97.01,78.49,86.52
Sunshine,"stray kids",53,86.50,90.56,82.46,86.51
"Second Life",seventeen,69,84.69,96.37,78.21,86.42
"Make it",2pm,38,86.27,88,85,86.42
"RED MOON",kard,61,85.70,93.17,80.36,86.41
Autobahn,"monsta x",16,88.31,85.55,85.12,86.33
"Adore You","harry styles",10,90.25,83.2,85.51,86.32
"Bad Habits",cravity,68,83.43,96.69,78.78,86.3
"Odd Eye",dreamcatcher,62,86.11,93.17,79.57,86.28
Running,gaho,63,84.28,95.68,78.72,86.23
"GO GO",cravity,9,89.75,80.21,88.68,86.21
Shhh,seventeen,4,98.70,59.73,100,86.14
Incomplete,oneus,62,82.00,94.99,81.38,86.12
"Do It Like Me",a.c.e,53,86.27,90.13,81.89,86.1
"SEE SEA",hyolyn,71,83.16,96.91,78.16,86.08
"Be Mine",infinite,57,85.88,91.47,80.87,86.07
"SO BAD",stayc,10,86.72,81.87,89.47,86.02
"A Song Written Easily",oneus,95,81.94,98.29,77.7,85.98
"Low Low",wayv-ten&yangyang,53,85.49,90.13,81.89,85.84
"All About You","nct u",62,85.18,93.17,79.06,85.8
"Breaking Dawn","the boyz",75,82.93,97.6,76.8,85.78
"Film out",bts,64,83.72,94.72,78.89,85.78
"Back Door","stray kids",71,83.31,96.69,77.14,85.71
Levanter,"stray kids",61,85.50,92.64,78.83,85.66
"We Go Up","nct dream",55,86.03,90.56,80.19,85.59
Rollin',"brave girls",84,81.26,98.08,77.36,85.57
Sneakers,"ha sung woon",45,85.88,89.33,81.15,85.45
"FXXK IT",bigbang,62,83.99,93.17,79.06,85.41
Rewind,oneus,6,94.52,77.44,84.21,85.39
"One (Monster & Infinity)",superm,69,82.84,96.11,77.19,85.38
"Loved You",bae173,46,85.53,89.17,81.44,85.38
STEREOTYPE,stayc,46,86.09,89.17,80.42,85.23
"eight(Prod.&Feat. SUGA of BTS)",iu,63,84.13,93.55,77.93,85.2
"Crazy Sexy Cool",astro,66,82.50,94.99,78.1,85.2
CHEESE,"stray kids",36,86.75,87.84,80.76,85.12
"The View","stray kids",68,82.15,95.68,77.53,85.12
"Dumb Dumb","red velvet",6,96.21,68.32,90.38,84.97
Frost,"tomorrow x together",44,83.64,88.85,82.4,84.96
"Close Your Eyes",kshmr,11,89.86,83.2,81.78,84.95
Beautiful,"monsta x",61,84.15,92.64,77.99,84.93
"Touché (Feat. MOON)",woodz,56,84.70,90.83,79.23,84.92
"No More X",to1,21,86.69,86.77,81.04,84.83
"Rush Hour","monsta x",20,85.85,86.35,82.29,84.83
"What is Love",twice,65,82.28,94.72,77.25,84.75
ASAP,stayc,54,84.56,90.24,79.4,84.73
Sunny,suran,63,82.67,93.55,77.93,84.72
Wave,ateez,63,82.21,93.55,77.93,84.56
BOOMBOOM,seventeen,56,84.36,91.47,77.65,84.49
"Apollo 11 (feat. Jay Park)",jamie,75,81.76,97.44,74.25,84.48
"BUNGEE (Fall in Love)","oh my girl",11,82.92,83.89,86.64,84.48
Twilight,oneus,9,88.89,80.21,84.21,84.44
"Save Me",bts,9,88.89,80.21,84.21,84.44
"RING X RING",billlie,22,84.78,86.77,81.78,84.44
"Dun Dun Dance","oh my girl",62,82.11,93.55,77.59,84.42
"LA DI DA",everglow,5,95.16,68.32,89.47,84.32
"After School",weeekly,28,83.58,87.25,82.06,84.3
Promise,ateez,9,83.79,80.21,88.68,84.23
"About Now",day6,57,82.56,91.47,78.04,84.02
Siesta,"weki meki",31,85.32,87.68,79.06,84.02
Home,gaho,58,82.76,92.16,77.08,84
mumumumuch,mamamoo,30,82.62,87.47,81.55,83.88
SAVAGE,a.c.e,61,81.37,93.17,76.85,83.8
"Trouble With You","eric nam",76,80.01,97.44,73.85,83.77
Changer,a.c.e,39,83.92,88.11,79.29,83.77
Save,"nct 127",42,82.99,88.64,79.51,83.71
Butter,bts,64,80.86,96.11,74.08,83.68
CLAP,seventeen,4,100.00,50.88,100,83.63
Lullaby,got7,4,100.00,50.88,100,83.63
Thunder,verivery,4,100.00,50.88,100,83.63
Superhuman,"nct 127",4,100.00,50.88,100,83.63
pov,"ariana grande",3,100.00,50.88,100,83.63
LILAC,iu,4,100.00,50.88,100,83.63
"No Rules","tomorrow x together",44,83.25,89.17,78.44,83.62
"Gas Pedal",cravity,42,84.15,89.33,77.36,83.61
"WITHOUT YOU",nct,64,79.80,94.19,76.74,83.58
"Do 4 Me",epex,39,84.65,88.85,77.02,83.51
"Holiday Party",weeekly,32,83.30,87.68,79.46,83.48
"Without You","golden child",58,81.97,91.68,76.74,83.46
"That’s It",p1harmony,22,81.57,87.04,81.78,83.46
"00:00 (Zero O’Clock)",bts,80,78.62,97.76,73.97,83.45
Down,jessi,64,82.17,94.19,73.74,83.37
"Sweet Night",v,56,80.26,90.83,78.72,83.27
"Get Cool","stray kids",57,81.30,91.47,76.97,83.25
CHEMICAL,bdc,57,81.16,91.47,76.97,83.2
"All Night",astro,69,79.28,96.11,73.68,83.02
"Ra Pam Pam","golden child",21,80.99,86.88,81.04,82.97
Gone,rosé,63,79.87,95.68,73.34,82.96
Numb,cix,59,82.36,92.16,74.19,82.9
"Favorite (Vampire)","nct 127",21,83.13,86.77,78.72,82.87
WOLFGANG,"stray kids",12,84.53,84.43,79.12,82.69
"GAM3 BO1",seventeen,44,82.13,88.85,76.74,82.57
"Simon Says","nct 127",65,79.39,94.72,73.57,82.56
"Heart Shaker",twice,11,82.65,83.2,81.78,82.54
Kidult,seventeen,66,79.62,95.25,72.67,82.51
"HULA HOOP",loona,48,80.92,89.71,76.74,82.46
Savage,aespa,16,83.21,85.55,78.38,82.38
"Hot Sauce",to1,25,81.52,87.04,78.32,82.29
"Sweet Chaos",day6,8,87.50,77.44,81.32,82.09
"Be Alright","ariana grande",8,87.32,77.44,81.32,82.03
"Tag Tag Tag",verivery,6,87.27,68.32,90.38,81.99
Moon,bts,8,87.05,77.44,81.32,81.94
"What I Said",victon,7,86.54,72.85,86.19,81.86
Spring,mcnd,65,78.31,94.72,72.44,81.82
"Over And Over Again - Elephante Original Remix","nathan sykes",7,86.39,72.85,86.19,81.81
"Deja Vu",ateez,45,81.60,89.01,74.14,81.58
Fearless,seventeen,67,76.79,95.25,72.5,81.51
"THE ANSWER",ab6ix,6,91.54,68.32,84.21,81.36
Dancefloor,"3rd prototype",19,79.80,86.77,77.48,81.35
"BUMP BUMP",woodz,59,78.98,92.16,72.1,81.08
"BYE BYE BYE",wei,49,79.61,89.71,73.8,81.04
"I can't run away",seventeen,19,79.08,86.19,77.48,80.92
"Crush on U",bae173,14,80.70,85.17,76.74,80.87
"VENI VIDI VICI",cravity,13,80.36,84.43,77.76,80.85
Anti-Romantic,"tomorrow x together",48,78.62,89.49,73.63,80.58
SOBER,bigbang,70,74.20,96.69,70.68,80.52
"Lovesick Girls",blackpink,5,92.34,59.73,89.47,80.51
"Goblin (Favorite Boys)",a.c.e,6,88.87,68.32,84.21,80.47
"Hey You",mcnd,3,100.00,41.23,100,80.41
"Beautiful (Feat. Gaho, Moti, Jung Jin Woo)",june,3,100.00,41.23,100,80.41
RPM,sf9,3,100.00,41.23,100,80.41
"Like Ooh-Ahh",twice,3,100.00,41.23,100,80.41
"Get It","pristin v",3,100.00,41.23,100,80.41
"Puzzle Moon",gwsn,3,100.00,41.23,100,80.41
"FEEDBACK 너의 대답은","ladies' code",2,100.00,41.23,100,80.41
Dingga,mamamoo,3,100.00,41.23,100,80.41
"Beautiful Goodbye",pentagon,3,100.00,41.23,100,80.41
"DAZZLE DAZZLE","weki meki",3,100.00,41.23,100,80.41
"I Love You",exid,3,100.00,41.23,100,80.41
"Beautiful Night","monsta x",3,100.00,41.23,100,80.41
"Just Do It",gray,3,100.00,41.23,100,80.41
"Um Oh Ah Yeh",mamamoo,3,100.00,41.23,100,80.41
Honestly,"eric nam",3,100.00,41.23,100,80.41
Clicker,j.don,3,100.00,41.23,100,80.41
"Rude - Zedd Remix",magic!,3,100.00,41.23,100,80.41
Light,up10tion,2,100.00,41.23,100,80.41
Grenade,ailee,3,100.00,41.23,100,80.41
"Again & Again",2pm,3,100.00,41.23,100,80.41
Sober,hyo,3,100.00,41.23,100,80.41
"Chi Mat Ba Ram","brave girls",3,100.00,41.23,100,80.41
"Heaven's Cloud",seventeen,40,78.90,88.37,73.97,80.41
"A Little Space (feat. YUNHO, SAN, JONGHO of ATEEZ)",pentatonix,3,100.00,41.23,100,80.41
"Sweet Travel",victon,3,100.00,41.23,100,80.41
Flare,lucy,7,82.16,72.85,86.19,80.4
Wave,seventeen,27,75.32,87.2,78.27,80.26
"Summer or Summer",hyolyn,31,78.91,87.52,74.02,80.15
"After We Ride","brave girls",41,79.31,88.37,72.61,80.1
SCIENTIST,twice,3,98.99,41.23,100,80.07
"ALL IN",dkb,41,77.67,88.53,73.46,79.89
"BAD DREAM",cix,10,80.93,81.87,76.74,79.85
Multiply,woodz,9,74.97,80.21,84.21,79.8
Yummy!,weeekly,60,74.75,92.64,70.63,79.34
GOLDEN,to1,20,78.28,86.35,73.17,79.27
"Like It Hot",gwsn,50,75.82,89.71,71.99,79.17
"The Chaser",infinite,4,98.40,50.88,88.17,79.15
ICY,itzy,7,85.73,72.85,78.72,79.1
"Hello Future","nct dream",39,76.61,88.11,72.44,79.05
ROAR,sf9,5,87.60,59.73,89.47,78.93
"Paint Me Naked",ten,40,75.17,88.16,72.33,78.55
"With You",to1,23,73.93,87.41,73.4,78.25
"Grand Prix",cravity,15,79.19,85.17,69.95,78.1
"Bad Boy","red velvet",19,75.84,86.19,72.04,78.02
"MIA (Feat. CAMO, WOODZ)",gemini,18,75.31,85.92,72.55,77.93
"Hide & Seek",astro,14,78.36,84.85,70.4,77.87
Paradise,"eric nam",5,84.37,59.73,89.47,77.86
astroboy.,suggi,6,80.87,68.32,84.21,77.8
BETTER,twice,8,80.08,80.21,72.33,77.54
"Left & Right",seventeen,18,74.64,85.92,71.93,77.5
"CRY FOR ME",twice,9,78.72,80.21,73.51,77.48
Believe,"paul blanco",4,84.49,59.73,88.17,77.46
"Alab (Burning)",sb19,6,79.70,68.32,84.21,77.41
"Still Learning",halsey,2,100.00,31.36,100,77.12
"Good Thing (with Kehlani)",zedd,2,100.00,31.36,100,77.12
"BLACK DRESS",clc,2,100.00,31.36,100,77.12
Mr-Ambiguous,mamamoo,2,100.00,31.36,100,77.12
"Ice Cream Cake","red velvet",2,100.00,31.36,100,77.12
"U GOT IT","got u",2,100.00,31.36,100,77.12
1000%,summerwish,2,100.00,31.36,100,77.12
"BLUE MOON (Prod. GroovyRoom)",hyolyn,2,100.00,31.36,100,77.12
Whiplash,"the boyz",2,100.00,31.36,100,77.12
"Stick Up Kids (Party Pupils Remix)","bad rabbits",2,100.00,31.36,100,77.12
"What a Wonderful Word",parkmoonchi,2,100.00,31.36,100,77.12
TOUCH,nct,2,100.00,31.36,100,77.12
WIN,ateez,2,100.00,31.36,100,77.12
"Dangerous Woman","ariana grande",2,100.00,31.36,100,77.12
"Love U Right",tritonal,2,100.00,31.36,100,77.12
"White Night","nct 127",2,100.00,31.36,100,77.12
L.I.E,exid,2,100.00,31.36,100,77.12
WHISTLE,blackpink,1,100.00,31.36,100,77.12
"Open Up",knock,2,100.00,31.36,100,77.12
Coin,iu,2,100.00,31.36,100,77.12
"Still Loving You",100%,2,100.00,31.36,100,77.12
Gee,"girls' generation",2,100.00,31.36,100,77.12
Violeta,iz*one,2,100.00,31.36,100,77.12
"LALALAY 날라리",sunmi,2,100.00,31.36,100,77.12
"Hard Times",paramore,2,100.00,31.36,100,77.12
CLOSE,ab6ix,2,100.00,31.36,100,77.12
ELEVEN,ive,2,100.00,31.36,100,77.12
G.B.T.B.,verivery,12,75.50,83.89,71.93,77.11
"젖어'S (Wet)",flowsik,4,92.17,50.88,88.17,77.07
"Get Me","justin bieber",4,91.85,50.88,88.17,76.97
"Blood Sweat & Tears",bts,6,78.11,68.32,84.21,76.88
34+35,"ariana grande",10,77.97,81.87,70.63,76.82
"Just do it",bss,5,90.29,59.73,80.19,76.74
Footprint,astro,34,71.89,87.79,70.46,76.71
libidO,onlyoneof,5,81.35,68.32,80.19,76.62
Luminous,"weki meki",19,72.67,86.19,70.74,76.53
"AH! LOVE",seventeen,8,75.19,77.44,76.74,76.46
"The Best Crew - Leeyou & Danceey Remix","tep no",2,97.92,31.36,100,76.43
"Get Outta My Way",verivery,6,84.10,68.32,76.74,76.39
"Break My Heart","dua lipa",14,73.86,84.85,70.4,76.37
"Dr. BeBe",pentagon,6,76.29,68.32,84.21,76.27
Filter,bts,12,75.05,83.89,69.78,76.24
Ah-Choo,lovelyz,6,83.45,68.32,76.74,76.17
Poppin’,baekhyun,6,83.42,68.32,76.74,76.16
"Cloud 9",cravity,6,83.42,68.32,76.74,76.16
"Dream of You (with R3HAB)","chung ha",6,83.37,68.32,76.74,76.14
"O Sole Mio",sf9,24,68.69,86.93,72.33,75.98
"Got me in chains","monsta x",15,72.76,85.17,69.95,75.96
"Count 1, 2",too,27,69.58,87.2,69.84,75.54
Fanfare,"golden child",37,70.67,87.95,67.63,75.42
Breath,got7,11,72.91,83.2,70.12,75.41
Ex,"stray kids",5,86.06,59.73,80.19,75.33
Boxer,"stray kids",11,72.54,83.2,70.12,75.29
"Better Not (with Wafia)","louis the child",6,80.76,68.32,76.74,75.27
"My Time",bts,12,68.65,83.89,73.23,75.26
"SOMEBODY LIKE",astro,10,73.12,81.87,70.63,75.21
"Mean It","manila killa",14,72.01,85.55,67.57,75.04
"Heart Attack (츄)",loona,8,75.08,80.21,69.78,75.02
"I Don't Wanna Leave - Innellea Remix","rüfüs du sol",20,68.74,86.51,69.78,75.01
Falling,"james lee",4,85.88,50.88,88.17,74.98
"LIFT UP",woodz,29,67.27,87.41,70.18,74.95
TRAUMA,seventeen,9,72.18,80.21,71.93,74.77
Drive,babylon,3,97.80,41.23,84.21,74.41
"Answer : Love Myself",bts,11,69.66,83.2,70.12,74.33
"Hi High",loona,4,83.91,50.88,88.17,74.32
Fanfare,sf9,10,73.47,81.87,67.52,74.29
"Where the sea sleeps","day6 (even of day)",5,82.90,59.73,80.19,74.27
Popping,onf,17,69.05,85.92,67.74,74.24
FANTASIA,"monsta x",8,72.84,77.44,72.33,74.2
Star,loona,3,97.14,41.23,84.21,74.19
"LOVE U","monsta x",70,74.12,96.91,51.1,74.04
"High On Life (feat. Bonn)","martin garrix",4,82.78,50.88,88.17,73.94
"Miss You","eric nam",7,75.60,72.85,73.34,73.93
"Forever By Your Side",awakend,4,82.74,50.88,88.17,73.93
Tomorrow,jordy,8,74.42,77.44,69.78,73.88
Drive,eden,1,100.00,21.49,100,73.83
"You&I (내가 하고싶은 말은)",니하고내하고,1,100.00,21.49,100,73.83
"Act of God - Robotaki Remix","tyler touché",1,100.00,21.49,100,73.83
"Mr. Chu",apink,1,100.00,21.49,100,73.83
"Love Options",bestie,1,100.00,21.49,100,73.83
ECLIPSE,got7,1,100.00,21.49,100,73.83
Dumhdurum,apink,1,100.00,21.49,100,73.83
"Boogie Up",wjsn,1,100.00,21.49,100,73.83
"Lip & Hip",hyuna,1,100.00,21.49,100,73.83
"Last Time",perk,1,100.00,21.49,100,73.83
"Safe With Me (feat. Audrey Mika) - Last Heroes Remix",gryffin,1,100.00,21.49,100,73.83
"drivers license","olivia rodrigo",1,100.00,21.49,100,73.83
"%%(Eung Eung)",apink,1,100.00,21.49,100,73.83
Snapping,"chung ha",1,100.00,21.49,100,73.83
"What You Doing",oneus,1,100.00,21.49,100,73.83
Stay,ateez,1,100.00,21.49,100,73.83
Rain,knk,1,100.00,21.49,100,73.83
"Cat (Feat. IU)",sunwoojunga,1,100.00,21.49,100,73.83
Ghost,baekhyun,1,100.00,21.49,100,73.83
Ridin',"nct dream",1,100.00,21.49,100,73.83
"BIM BAM BUM","rocket punch",1,100.00,21.49,100,73.83
DIFFERENT,woodz,1,100.00,21.49,100,73.83
Panini,"lil nas x",1,100.00,21.49,100,73.83
MOMMAE,"jay park",1,100.00,21.49,100,73.83
"34+35 Remix (feat. Doja Cat, Megan Thee Stallion) - Remix","ariana grande",1,100.00,21.49,100,73.83
"motive (with Doja Cat)","ariana grande",1,100.00,21.49,100,73.83
"Easy Love",sf9,1,100.00,21.49,100,73.83
"Too Much",kehlani,1,100.00,21.49,100,73.83
"Loving U",sistar,1,100.00,21.49,100,73.83
TT,twice,1,100.00,21.49,100,73.83
"Flavors of love","monsta x",1,100.00,21.49,100,73.83
Mayday,victon,1,100.00,21.49,100,73.83
"Dive Into You","nct dream",1,100.00,21.49,100,73.83
Enemies,lauv,1,100.00,21.49,100,73.83
wait,"ilo ilo",1,100.00,21.49,100,73.83
"On The Ground",rosé,1,100.00,21.49,100,73.83
Adios,hoody,1,100.00,21.49,100,73.83
OXYGEN,twice,1,100.00,21.49,100,73.83
COMPASS,"golden child",1,100.00,21.49,100,73.83
"I LOVE YOU",treasure,1,100.00,21.49,100,73.83
"Free Pass",drippin,1,100.00,21.49,100,73.83
"내 다리를 봐",dalshabet,1,100.00,21.49,100,73.83
"WE GO",fromis_9,1,100.00,21.49,100,73.83
"Why Try","ariana grande",1,100.00,21.49,100,73.83
Door,"kwon eun bi",1,100.00,21.49,100,73.83
"Count On Me - Prod. GroovyRoom","jay b",1,100.00,21.49,100,73.83
"LONELY NIGHT",knk,1,100.00,21.49,100,73.83
bang,"after school",1,100.00,21.49,100,73.83
Crush,seventeen,1,100.00,21.49,100,73.83
"Imperfect love",seventeen,1,100.00,21.49,100,73.83
"One Day","monsta x",1,100.00,21.49,100,73.83
"G! Remix (feat. HYO)","lil cherry",1,100.00,21.49,100,73.83
"Just love","monsta x",1,100.00,21.49,100,73.83
Mercy,"monsta x",1,100.00,21.49,100,73.83
"One Right Now (with The Weeknd)","post malone",1,100.00,21.49,100,73.83
"Everything's gonna be alright",too,1,100.00,21.49,100,73.83
"You Can’t Hurry Love",too,1,100.00,21.49,100,73.83
"Hard Carry",too,1,100.00,21.49,100,73.83
"SUMMER JAM","strange fruits music",1,100.00,21.49,100,73.83
"Equal in the Darkness (Steve Aoki Character X Version)","steve aoki",1,100.00,21.49,100,73.83
"Better Days (NEIKED x Mae Muller) - Acoustic",neiked,1,100.00,21.49,100,73.83
"GET #MYWAY (With LOTTE Department Store)",gray,1,100.00,21.49,100,73.83
"Burning Up (Fire)",bts,1,100.00,21.49,100,73.83
"Hate that…",key,1,100.00,21.49,100,73.83
Rumor,"h.i.n.p (hot issue of ntl. producers)",1,100.00,21.49,100,73.83
"DDU-DU DDU-DU",blackpink,1,100.00,21.49,100,73.83
MOONLIGHT,twice,1,100.00,21.49,100,73.83
"WHAT'S GOIN' ON","omega x",1,100.00,21.49,100,73.83
"Not Friends (Sung by HeeJin, Kim Lip, JinSoul, Yves) (Prod. RYAN JHUN)",loona,1,100.00,21.49,100,73.83
Egotistic,aoa,1,99.95,21.49,100,73.81
"Lilili Yabbay",seventeen,5,81.44,59.73,80.19,73.79
Nightmares,"the boyz",18,68.74,85.92,66.67,73.78
"U MAD",bobby,1,99.85,21.49,100,73.78
"We Lost The Summer","tomorrow x together",1,99.74,21.49,100,73.74
"Get Your Wish","porter robinson",1,99.71,21.49,100,73.73
Siren,sunmi,4,82.06,50.88,88.17,73.7
"The City (with Quinn XCII)","louis the child",4,82.02,50.88,88.17,73.69
"If Without You",ateez,6,80.71,68.32,71.93,73.65
"Out Of The Dark - Fatum Remix",tritonal,1,98.82,21.49,100,73.44
"Then, Now and Forever",cnblue,10,70.87,81.87,67.52,73.42
Destiny,up10tion,8,72.92,77.44,69.78,73.38
"Know me",gemini,5,80.13,59.73,80.19,73.35
"Baby Don’t Like It 나쁜 짓","nct 127",4,80.46,50.88,88.17,73.17
"Freeze (KARTRIDER X LINE FRIENDS [Original Game Soundtrack], Pt. 1)","nct 127",1,97.93,21.49,100,73.14
"SHA LA LA",pentagon,9,71.04,80.21,67.69,72.98
"BAD SAD AND MAD",bibi,1,97.41,21.49,100,72.97
"Kick It","nct 127",11,68.24,83.89,66.72,72.95
24H,seventeen,6,73.89,72.85,71.93,72.89
"Victory Song","stray kids",3,92.64,41.23,84.21,72.69
Salty,"the boyz",6,72.93,68.32,76.74,72.66
"Best Friend (feat. Doja Cat)",saweetie,14,67.20,84.85,64.97,72.34
MOVE,taemin,6,71.59,68.32,76.74,72.22
"Roller Coaster","chung ha",10,67.08,81.87,67.52,72.16
Mansae,seventeen,7,71.94,77.44,65.99,71.79
"Bad Alive - English Version",wayv,7,71.67,77.44,65.99,71.7
YOUTH,"troye sivan",7,71.55,77.44,65.99,71.66
Mammoth,cravity,13,65.73,84.43,64.74,71.63
"Getting Closer",seventeen,11,66.63,83.2,65.03,71.62
FLOWER,verivery,8,67.42,77.44,69.78,71.55
"My My",seventeen,10,67.43,81.87,65.2,71.5
"Pretty Savage",blackpink,8,71.33,77.44,65.48,71.42
"Amusement Park",baekhyun,7,74.89,72.85,65.99,71.24
"We Still",astro,3,87.95,41.23,84.21,71.13
"Kiss and Make Up","dua lipa",5,80.18,59.73,73.17,71.03
9LIVES,hyolyn,5,80.16,59.73,73.17,71.02
"Right Back (feat. A Boogie Wit Da Hoodie)",khalid,5,80.15,59.73,73.17,71.02
Limbo,robotaki,5,80.10,59.73,73.17,71
"놓아 놓아 놓아 Letting Go",day6,5,80.00,59.73,73.17,70.97
Answer,ateez,5,80.00,59.73,73.17,70.97
"Bye bye my blue","yerin baek",10,65.66,81.87,65.2,70.91
"VERY NICE",seventeen,8,65.43,77.44,69.78,70.88
FLY,gaho,9,66.91,80.21,65.31,70.81
"Play Hard",sf9,33,59.77,87.73,64.8,70.77
"La Vie en Rose",iz*one,5,72.09,59.73,80.19,70.67
"Not Shy",itzy,10,65.39,81.87,64.74,70.67
Butterfly,bts,8,68.87,77.44,65.48,70.6
"No More Dream",bts,9,65.73,80.21,64.74,70.23
NonStop,"nct 127",6,70.39,68.32,71.93,70.21
"Forever (feat. Post Malone & Clever)","justin bieber",7,71.77,72.85,65.99,70.2
Peek-A-Boo,"red velvet",13,61.36,84.43,64.74,70.18
"Make or Break","the boyz",7,67.22,72.85,70.4,70.16
"First Love","nct 127",13,59.93,84.43,66.04,70.13
"Love Me For The Weekend (with Ashe)","party pupils",7,71.49,72.85,65.99,70.11
Obliviate,lovelyz,7,71.50,72.85,65.99,70.11
Divin',cravity,14,60.20,85.17,64.97,70.11
"Bet You Wanna (feat. Cardi B)",blackpink,10,63.14,81.87,65.2,70.07
HIT,seventeen,15,59.50,85.71,64.86,70.02
"Chicken Noodle Soup (feat. Becky G)",j-hope,12,61.36,83.89,64.74,70
Forever,sf9,11,61.89,83.2,64.74,69.94
Devil,clc,3,83.90,41.23,84.21,69.78
Lady,exid,3,83.78,41.23,84.21,69.74
"SOME MORE",gray,7,70.24,72.85,65.99,69.69
"Boy With Luv (feat. Halsey)",bts,11,60.82,83.2,64.74,69.59
ONE&ONLY,astro,8,65.49,77.44,65.48,69.47
OUCH,day6,3,82.68,41.23,84.21,69.37
"Any song",zico,6,72.87,68.32,66.67,69.29
"Winter Falls","stray kids",3,82.04,41.23,84.21,69.16
"Feel Good (feat. Daya) - Crankdat Remix",gryffin,5,74.40,59.73,73.17,69.1
FLOW,"monsta x",7,62.93,72.85,70.4,68.73
"Looped Up (feat. VERNON)","tobi lou",5,65.42,72.85,67.52,68.6
"Picky Picky","weki meki",3,79.82,41.23,84.21,68.42
"Lion Heart",oneus,6,67.50,72.85,64.74,68.36
Bicycle,"chung ha",5,77.79,59.73,67.52,68.35
K-TOWN,"jay park",7,67.39,72.85,64.74,68.33
"Over Getting Over You","said the sky",3,79.50,41.23,84.21,68.31
9-TEEN,seventeen,4,75.21,59.73,69.78,68.24
"Age Of Innocence",elephante,4,77.07,50.88,76.74,68.23
SIREN,p1harmony,4,75.07,59.73,69.78,68.19
"WEE WOO",pristin,4,75.02,59.73,69.78,68.18
"You Smile",astro,4,76.90,50.88,76.74,68.17
"Still love",a.c.e,5,71.02,59.73,73.17,67.97
Misfit,"nct u",6,68.72,68.32,66.67,67.9
"Show & Tell","said the sky",2,95.61,31.36,76.74,67.9
"Stay Here",gaho,6,68.37,68.32,66.67,67.79
"GO BABY",kard,2,95.11,31.36,76.74,67.74
POOL,woodz,2,75.06,50.88,76.74,67.56
DDD,exid,4,75.03,50.88,76.74,67.55
"You can't sit with us",sunmi,4,75.00,50.88,76.74,67.54
"Stand by you",a.c.e,8,60.14,77.44,64.74,67.44
Leaving,illenium,6,67.33,68.32,66.67,67.44
"SLOW DOWN",stayc,41,61.64,88.37,52.07,67.36
"Good Thing","nct 127",3,88.37,41.23,71.93,67.18
"Feel Special",twice,6,67.46,68.32,64.74,66.84
"WITH YOU",wonho,9,54.88,80.21,65.31,66.8
Campfire,seventeen,7,61.27,72.85,65.99,66.7
Bungee,baekhyun,6,67.05,68.32,64.74,66.7
Honest,"san holo",6,66.95,68.32,64.74,66.67
"Love Shot",exo,6,66.96,68.32,64.74,66.67
"Love Talk - English Version",wayv,6,66.90,68.32,64.74,66.65
Chilli,seventeen,6,66.90,68.32,64.74,66.65
"Love Wheel",astro,6,64.94,68.32,66.67,66.64
"Flight 609",max,6,66.83,68.32,64.74,66.63
Changes,lauv,6,66.75,68.32,64.74,66.6
"Black Swan",bts,7,61.93,72.85,64.74,66.51
"How You Like That",blackpink,6,64.48,68.32,66.67,66.49
"니가 하면 If You Do",got7,2,91.37,31.36,76.74,66.49
"Dancing In The Rain","nct u",5,71.93,59.73,67.52,66.39
"Need Your Love (with Noah Kahan)",gryffin,3,73.67,41.23,84.21,66.37
"Free (with Drew Love)","louis the child",6,64.06,68.32,66.67,66.35
Wet,"jeon ji woo",6,65.98,68.32,64.74,66.35
"Serendipity (Full Length Edition)",bts,15,60.30,85.17,53.25,66.24
"sad day","fka twigs",3,73.05,41.23,84.21,66.16
"Help - Elephante Remix",galantis,6,63.45,68.32,66.67,66.15
Flower,seventeen,14,60.31,85.71,52.35,66.12
"break up with your girlfriend, i'm bored","ariana grande",3,72.66,41.23,84.21,66.03
Fever,gfriend,6,63.07,68.32,66.67,66.02
Better,too,2,89.14,31.36,76.74,65.75
LIT,oneus,7,59.64,72.85,64.74,65.74
"러시안 룰렛 Russian Roulette","red velvet",25,59.13,87.09,50.99,65.74
"Breathe 2.0",vincent,7,59.57,72.85,64.74,65.72
MOVE,"sixc (6 crazy)",4,76.17,50.88,69.78,65.61
"We Can Get High",galantis,5,69.55,59.73,67.52,65.6
"God’s Menu","stray kids",11,62.51,83.2,51.05,65.59
"Rush Over Me","seven lions",7,58.92,72.85,64.74,65.5
Hobgoblin,clc,4,75.77,50.88,69.78,65.48
Loved,highlight,4,75.75,50.88,69.78,65.47
"You Are My Love","seo kang-jun",4,75.66,50.88,69.78,65.44
Advice,kehlani,4,75.58,50.88,69.78,65.41
"BLIND FOR LOVE",ab6ix,4,75.47,50.88,69.78,65.38
"Sunflower - Spider-Man: Into the Spider-Verse","post malone",4,75.45,50.88,69.78,65.37
"gimme gimme","nct 127",4,75.33,50.88,69.78,65.33
"Smile Flower",seventeen,8,66.50,80.21,49.24,65.32
"No diggity",oneus,4,75.27,50.88,69.78,65.31
"하드캐리 Hard Carry",got7,4,75.26,50.88,69.78,65.31
SUNSET,knk,4,75.24,50.88,69.78,65.3
"소방차 Fire Truck","nct 127",4,75.16,50.88,69.78,65.27
"Our Summer","tomorrow x together",4,75.12,50.88,69.78,65.26
"ONE(Lucid Dream)","golden child",4,75.08,50.88,69.78,65.25
"Always You",astro,4,75.07,50.88,69.78,65.24
"Work It","nct u",4,75.00,50.88,69.78,65.22
Alright!,verivery,12,47.02,83.89,64.74,65.22
MIROH,"stray kids",4,75.01,50.88,69.78,65.22
"Mean It (feat. Wrabel)","cash cash",4,75.00,50.88,69.78,65.22
"Every Minute",astro,4,75.00,50.88,69.78,65.22
"All Me (feat. Keyshia Cole) - King Henry Remix",kehlani,4,75.01,50.88,69.78,65.22
HOME;RUN,seventeen,4,75.00,50.88,69.78,65.22
"Lost At Sea",zedd,3,82.41,41.23,71.93,65.19
"9 and Three Quarters - Run Away","tomorrow x together",6,62.26,68.32,64.74,65.11
"Wish For You","kang in soo",4,47.14,83.2,64.74,65.03
"Christmas EveL","stray kids",5,67.85,59.73,67.52,65.03
"Ice Queen",baekhyun,4,74.26,50.88,69.78,64.97
"Don’t Fear Now",too,6,59.90,68.32,66.67,64.96
"All I Want",conro,5,67.58,59.73,67.52,64.94
Alive,"paris blohm",8,64.21,77.44,52.86,64.84
Honey,kehlani,5,67.16,59.73,67.52,64.8
"Kiss Me More (feat. SZA)","doja cat",1,61.11,68.32,64.74,64.72
WONDERLAND,ateez,8,63.36,77.44,52.86,64.55
"Girl Front","looπδ / odd eye circle",2,85.33,31.36,76.74,64.48
Magnolia,too,12,56.30,83.89,53.2,64.46
"Regular - English Version","nct 127",10,60.49,81.87,50.99,64.45
Revival,cix,6,60.17,68.32,64.74,64.41
Taillight,too,2,85.10,31.36,76.74,64.4
"CALL CALL CALL!",seventeen,17,58.64,86.35,48.16,64.38
"You Don't Know About Me (R3hab Remix)","ella vos",9,59.82,80.21,53.08,64.37
"Ko Ko Bop",exo,8,62.65,77.44,52.86,64.32
"I Wanna Be",kehlani,9,59.62,80.21,53.08,64.3
MORE,k/da,4,72.23,50.88,69.78,64.3
"On & On",cartoon,8,62.57,77.44,52.86,64.29
FANCY,twice,8,62.57,77.44,52.86,64.29
"Sour Candy (with BLACKPINK)","lady gaga",8,62.57,77.44,52.86,64.29
HOME,bts,6,59.09,68.32,64.74,64.05
"운명 The Chance of Love",tvxq!,5,64.84,59.73,67.52,64.03
"Call You (feat. Nasri of MAGIC!)","cash cash",5,64.50,59.73,67.52,63.92
Whiplash,"nct 127",8,49.49,77.44,64.74,63.89
"My Story, My Song",sf9,9,58.25,80.21,53.08,63.85
"Come With Me","golden child",9,58.18,80.21,53.08,63.82
L.O.V.E,"park ji hoon",5,66.76,59.73,64.74,63.74
"Conquerors (Part Two)",hardwell,4,70.31,50.88,69.78,63.66
"My Lover",a.c.e,13,53.84,84.43,52.01,63.43
Location,khalid,4,74.53,50.88,64.74,63.38
Desire,ateez,5,62.83,59.73,67.52,63.36
"Red Lipstick (feat. Yoonmirae)",leehi,12,54.18,83.89,51.95,63.34
"Say My Name",ans,3,66.84,50.88,71.93,63.22
Friends,bts,10,59.54,81.87,48.1,63.17
"tomorrow tonight",loote,8,58.87,77.44,52.86,63.06
"Wow (Lee Know, Hyunjin, Felix)","stray kids",4,73.46,50.88,64.74,63.03
Psycho,"red velvet",23,55.96,86.88,45.95,62.93
Q&A,"cherry bullet",7,63.43,72.85,52.35,62.88
"What Am I","why don't we",4,64.13,59.73,64.74,62.87
"Hold me tight",verivery,5,61.23,59.73,67.52,62.83
"아 왜 I Wait",day6,8,61.34,77.44,49.24,62.67
"MY FACE",verivery,10,52.89,81.87,53.14,62.63
"Break Silence","mark redito",6,54.83,68.32,64.74,62.63
"Shivers (feat. Jessi & SUNMI)","ed sheeran",2,69.15,41.23,76.74,62.37
"New Best Friend","neon trees",6,54.02,68.32,64.74,62.36
Trauma,sf9,3,73.86,41.23,71.93,62.34
"Everybody Talks","neon trees",7,49.23,72.85,64.74,62.27
"Summertime Magic","childish gambino",5,61.76,59.73,64.74,62.08
Pray,"kim jae hwan",4,70.04,50.88,64.74,61.89
Nightlight,illenium,9,55.73,80.21,49.35,61.76
"City Dove","tori kelly",5,60.51,59.73,64.74,61.66
"Pirate King",ateez,8,58.22,77.44,49.24,61.63
"boyfriend (with Social House)","ariana grande",7,59.65,72.85,52.35,61.62
"Love To Hate Me",blackpink,10,51.84,81.87,50.99,61.57
Zombie,day6,4,68.91,50.88,64.74,61.51
"Happy Ending - Korean Ver.",seventeen,7,59.09,72.85,52.35,61.43
"LOVE FOOLISH",twice,6,63.19,68.32,51.95,61.15
"Mixtape : Gone Days","stray kids",8,53.10,77.44,52.86,61.13
"Black on Black",nct,9,55.09,80.21,48.05,61.12
Phonecert,10cm,3,70.20,41.23,71.93,61.12
"Flip A Coin",victon,2,75.18,31.36,76.74,61.09
Superposition,"young the giant",16,51.84,85.55,45.84,61.08
"Red Moon","kim woo seok",4,58.44,59.73,64.74,60.97
EOEO,uniq,3,69.61,41.23,71.93,60.92
"Free Woman","lady gaga",6,62.32,68.32,51.95,60.86
"Shine Shine","the boyz",3,69.27,41.23,71.93,60.81
memories,woodz,3,66.75,50.88,64.74,60.79
Scared,p1harmony,3,66.67,50.88,64.74,60.76
"Lose You","eric nam",2,74.12,31.36,76.74,60.74
Obsession,exo,8,55.25,77.44,49.24,60.64
BREATHE,ab6ix,3,68.77,41.23,71.93,60.64
20,cix,4,66.16,50.88,64.74,60.59
"Red Flavor","red velvet",8,54.94,77.44,49.24,60.54
"MORE & MORE",twice,3,68.37,41.23,71.93,60.51
FAM,"stray kids",3,68.28,41.23,71.93,60.48
"On Rainy Days",beast,4,65.76,50.88,64.74,60.46
Connect,verivery,2,72.86,31.36,76.74,60.32
"Look at the Sky","porter robinson",2,72.76,31.36,76.74,60.29
"2 MINUS 1 - Bonus Track",seventeen,7,55.61,72.85,52.35,60.27
BBUSYEO,oneus,3,67.62,41.23,71.93,60.26
Crush,mcnd,4,51.25,59.73,69.78,60.25
"Happy Ending",seventeen,8,50.34,77.44,52.86,60.21
"t r a n s p a r e n t s o u l feat. Kid Cudi & Travis Barker - Remix",willow,1,94.24,21.49,64.74,60.16
"A song for you",gaho,6,60.02,68.32,51.95,60.1
"Day 'N' Nite - Crookers Remix","kid cudi",3,67.10,41.23,71.93,60.09
Mikrokosmos,bts,6,59.90,68.32,51.95,60.06
Egotistic,mamamoo,3,66.84,41.23,71.93,60
"Sweet Winter","weki meki",1,93.76,21.49,64.74,60
Drama,"tomorrow x together",5,55.50,59.73,64.74,59.99
Fear,myrne,8,53.23,77.44,49.24,59.97
"Man In Love",infinite,3,66.41,41.23,71.93,59.86
Privacy,verivery,6,54.73,72.85,51.95,59.84
"Cyber Sex","doja cat",10,52.17,81.87,45.39,59.81
Groove,exo,5,60.08,68.32,50.99,59.8
"Best Of Me",bts,6,59.09,68.32,51.95,59.79
"Say Yes",seventeen,4,63.73,50.88,64.74,59.78
"Please Me","cardi b",9,49.45,80.21,49.35,59.67
Follow,"monsta x",11,51.65,83.2,43.8,59.55
BOUNCY,"rocket punch",4,57.86,50.88,69.78,59.51
"GOOD BOY","gd x taeyang",2,70.06,31.36,76.74,59.39
"Not Today",bts,10,50.23,81.87,45.39,59.16
"Precious (Overture)",ateez,6,57.20,68.32,51.95,59.16
Whatever,"cherry bullet",2,69.23,31.36,76.74,59.11
Prayer,to1,6,52.46,72.85,51.95,59.09
"미친거 아니야 GO CRAZY!",2pm,2,68.84,31.36,76.74,58.98
"Lie Again",seventeen,14,46.13,84.85,45.9,58.96
"Dally (feat. GRAY)",hyolyn,7,55.54,72.85,48.39,58.93
Numb,jessi,15,46.06,85.17,45.39,58.87
"Happy Ending",mika,2,68.18,31.36,76.74,58.76
Still,dkb,9,51.85,80.21,44.03,58.7
Why,taeyeon,4,60.44,50.88,64.74,58.69
"I Wanna Know","rl grime",8,49.34,77.44,49.24,58.67
"Faded In My Last Song","nct u",9,47.63,80.21,48.05,58.63
THANXX,ateez,6,59.47,68.32,48.05,58.61
Gashina,sunmi,8,52.47,77.44,45.84,58.58
BAE,hyolyn,10,50.22,81.87,43.63,58.57
"Raise The Roof","nct u",8,52.27,77.44,45.84,58.52
"You’re the Best",mamamoo,11,48.38,83.2,43.8,58.46
comethru,"jeremy zucker",8,52.06,77.44,45.84,58.45
"Go Up",sb19,1,88.90,21.49,64.74,58.38
"Show Me",key,4,59.32,50.88,64.74,58.31
"Never Not",lauv,8,51.60,77.44,45.84,58.29
"Turn Back Time",wayv,5,64.09,59.73,50.99,58.27
"Lotto (feat.Don Mills) (Prod. by Gonzo)",vernon,6,54.50,68.32,51.95,58.26
Close,synchronice,2,66.69,31.36,76.74,58.26
"YES or YES",twice,4,59.09,50.88,64.74,58.24
"예뻤어 You Were Beautiful",day6,6,54.40,68.32,51.95,58.22
"No More (Prod. Zion.T)","kim yo han",4,58.97,50.88,64.74,58.2
"Bad Idea",moonbin&sanha(astro),11,47.54,83.2,43.8,58.18
"No Air","the boyz",6,49.18,72.85,51.95,57.99
"Love Again",baekhyun,6,53.56,68.32,51.95,57.94
Illusion,ateez,8,50.54,77.44,45.84,57.94
"SHOOT THE MOON",bdc,3,67.51,41.23,64.74,57.83
Beautiful,beast,3,67.49,41.23,64.74,57.82
Intentions,"justin bieber",2,49.63,80.21,43.63,57.82
Divinity,"porter robinson",4,57.84,50.88,64.74,57.82
"FLOWER SHOWER",hyuna,3,67.43,41.23,64.74,57.8
"Somewhere (Feat. GRAY, Hoody, ELO & DeVita)",goosebumps,9,49.13,80.21,44.03,57.79
"SCIENTIST - R3HAB Remix",twice,1,87.12,21.49,64.74,57.78
OOPSY,"weki meki",3,67.35,41.23,64.74,57.77
Capsize,frenship,2,65.21,31.36,76.74,57.77
"Pass Me By","golden child",6,52.77,68.32,51.95,57.68
"Waste It On Me","steve aoki",3,67.08,41.23,64.74,57.68
"Bomb Bomb",kard,3,67.08,41.23,64.74,57.68
"No More","pierce fulton",3,67.00,41.23,64.74,57.66
Panorama,iz*one,3,66.99,41.23,64.74,57.65
"Singing in the Rain",loona,3,66.99,41.23,64.74,57.65
"Without You",seventeen,3,66.96,41.23,64.74,57.64
"F U L L / B U R S T",1788-l,3,66.91,41.23,64.74,57.63
"My Pace","stray kids",3,66.90,41.23,64.74,57.62
Moonlight,cravity,6,56.46,68.32,48.05,57.61
"Forgive Me Now",bh,3,66.86,41.23,64.74,57.61
"Dazzling Light",ateez,3,66.83,41.23,64.74,57.6
"Compromised - Christofi Remix","tim atlas",3,66.83,41.23,64.74,57.6
"Blue Hour","tomorrow x together",3,66.74,41.23,64.74,57.57
"Dance The Night Away",twice,3,66.67,41.23,64.74,57.55
"Stuck with U (with Justin Bieber)","ariana grande",3,66.67,41.23,64.74,57.55
"Me Like Yuh","jay park",3,66.67,41.23,64.74,57.55
Sunburn,droeloe,2,63.85,31.36,76.74,57.32
Barbie,"jang ye eun",4,56.24,50.88,64.74,57.29
"Who am I","weki meki",6,50.95,72.85,48.05,57.28
"Love Cherry Motion",loona,5,61.01,59.73,50.99,57.24
WANNABE,"golden child",8,50.61,77.44,43.63,57.23
"THANK U",ateez,6,55.28,68.32,48.05,57.22
"lift me from the ground - Manila Killa Remix","san holo",10,46.12,81.87,43.63,57.21
WANNABE,itzy,5,60.89,59.73,50.99,57.2
Utopia,ateez,4,55.78,50.88,64.74,57.13
"The Eye",infinite,2,63.30,31.36,76.74,57.13
DNA,bts,5,60.64,59.73,50.99,57.12
"Yes I Am",mamamoo,5,60.64,59.73,50.99,57.12
gogobebe,mamamoo,10,45.77,81.87,43.63,57.09
"Black And White","niall horan",5,60.54,59.73,50.99,57.09
"Leaving (feat. Yuna)",ekali,8,50.15,77.44,43.63,57.07
"PLAYING WITH FIRE",blackpink,2,63.07,31.36,76.74,57.06
Cassette,demian,5,60.43,59.73,50.99,57.05
IDOL,bts,5,60.43,59.73,50.99,57.05
Infinite,habstrakt,7,53.83,72.85,44.48,57.05
"REALLY REALLY",winner,5,60.30,59.73,50.99,57.01
"Dear No One","tori kelly",5,60.27,59.73,50.99,57
Dizzy,oneus,5,60.24,59.73,50.99,56.99
"'Til It's Over","anderson .paak",5,60.23,59.73,50.99,56.98
Knock,astro,5,60.23,59.73,50.99,56.98
"Just Like The Rain",gray,5,60.18,59.73,50.99,56.97
FIESTA,iz*one,9,46.67,80.21,44.03,56.97
"Burn The Memory (feat. GIRIBOY)",dvwn,5,60.13,59.73,50.99,56.95
"Dreams Come True","nct 127",5,60.14,59.73,50.99,56.95
"Love U Right - Disco Fries Remix",tritonal,5,60.10,59.73,50.99,56.94
"Paper Hearts","tori kelly",5,60.08,59.73,50.99,56.93
"Breakthrough (Full Version)",p1harmony,6,54.38,68.32,48.05,56.92
"COME BACK HOME",oneus,4,54.98,50.88,64.74,56.87
"Time Of Love",ateez,1,74.45,31.36,64.74,56.85
Chaotic,"monsta x",5,59.74,59.73,50.99,56.82
"Heart Brew Love",astro,7,49.18,72.85,48.39,56.81
"Hello Goodbye",to1,7,49.04,72.85,48.39,56.76
"MAMMA MIA",sf9,7,52.60,72.85,44.48,56.64
Rainbow,"nct dream",1,83.45,21.49,64.74,56.56
"Love Die Young","eric nam",10,49.94,81.87,37.13,56.31
"Paris in the Rain",lauv,8,42.86,80.21,45.84,56.3
"Forever Young",blackpink,10,49.88,81.87,37.13,56.29
ZONE,"monsta x",7,46.95,77.44,44.48,56.29
"Room Shaker",ailee,2,60.42,31.36,76.74,56.17
"Television / So Far So Good","rex orange county",14,45.32,84.85,37.69,55.95
"My Heart","alex sonata",6,51.20,68.32,48.05,55.86
"NUNU NANA",jessi,13,46.62,84.43,36.33,55.79
Nonstop,"oh my girl",6,50.96,68.32,48.05,55.78
Calavera,hardwell,7,49.98,72.85,44.48,55.77
"GOOD GIRL",hyuna,7,46.04,72.85,48.39,55.76
"Love Song","nct 127",6,50.86,68.32,48.05,55.74
"What Lovers Do (feat. SZA)","maroon 5",5,56.28,59.73,50.99,55.67
"Lover Boy","phum viphurit",4,66.68,50.88,49.24,55.6
"Dumb Litty",kard,6,50.24,72.85,43.63,55.57
UNNATURAL,wjsn,6,50.12,72.85,43.63,55.53
"Teenage Birdsong - Overmono Remix","four tet",13,44.22,84.43,37.92,55.52
WAITING,woodz,2,58.24,31.36,76.74,55.45
"Water Resistant",anamanaguchi,1,80.00,21.49,64.74,55.41
"Call my name",cravity,3,52.89,41.23,71.93,55.35
Dynamite,bts,7,50.84,77.44,37.69,55.32
"Excuse Me",bestie,1,79.69,21.49,64.74,55.31
"SHAKE IT",sistar,2,57.77,31.36,76.74,55.29
"Why Why Why",ikon,2,57.51,31.36,76.74,55.2
Cartoon,zico,5,54.52,59.73,50.99,55.08
Illusion,zedd,9,40.97,80.21,44.03,55.07
Trigger,woodz,9,45.77,83.2,36.05,55.01
What,sb19,2,68.69,31.36,64.74,54.93
"I got love","monsta x",5,54.03,59.73,50.99,54.92
Language,"porter robinson",8,41.45,77.44,45.84,54.91
"I Just Wanna Be Loved",jordy,1,68.61,31.36,64.74,54.9
"Take Me Home",ateez,5,59.53,59.73,45.39,54.88
"Dance To This (feat. Ariana Grande)","troye sivan",6,43.81,68.32,51.95,54.69
Dank,"jay park",11,42.85,83.2,37.86,54.64
Streets,"doja cat",1,77.70,21.49,64.74,54.64
"You Never Know",blackpink,9,45.80,80.21,37.8,54.6
"STAY THE NIGHT (Feat. DeVita)",gray,6,47.18,68.32,48.05,54.52
"눈,코,입 (Eyes, Nose, Lips)",taeyang,8,49.69,77.44,36.28,54.47
SALUTE,ab6ix,8,41.73,77.44,43.63,54.27
Euphoria,bts,5,49.01,68.32,45.39,54.24
"UN Village",baekhyun,7,45.31,72.85,44.48,54.21
"Tiger Inside",superm,19,40.11,86.19,36.11,54.14
nanana,mcnd,6,50.44,68.32,43.63,54.13
"Then We",jeebanoff,5,51.57,59.73,50.99,54.1
Betcha,baekhyun,6,50.33,68.32,43.63,54.09
"Tia Tamera (feat. Rico Nasty)","doja cat",6,50.28,68.32,43.63,54.08
"Like You",aobeats,6,50.24,68.32,43.63,54.06
"Oh NaNa (Hidden. HUR YOUNG JI)",kard,6,50.19,68.32,43.63,54.05
"Role Play",astro,6,50.18,68.32,43.63,54.04
"CALL ME BABY",exo,6,50.15,68.32,43.63,54.03
Closer,elephante,6,50.07,68.32,43.63,54.01
"TOP GANG",mcnd,6,50.06,68.32,43.63,54
"Pink Walk",gaho,10,42.92,81.87,37.13,53.97
"Not Alone","nct 127",6,49.77,68.32,43.63,53.91
"Bless You (Feat. Sam Kim, WOODZ, pH-1)",primary,6,44.77,68.32,48.05,53.71
"Anywhere (feat. Will Heard)","dillon francis",5,55.95,59.73,45.39,53.69
"Oxygen (Borgeous Remix)","dirty heads",9,44.73,80.21,36.05,53.66
"Drip (Feat. Jay Park)",jessi,10,41.89,81.87,37.13,53.63
"Step By Step",too,2,54.60,41.23,64.74,53.52
I.O.U,"nct u",6,43.69,68.32,48.05,53.35
"New Best Friend (DVRKO Remix)","neon trees",6,48.04,68.32,43.63,53.33
"Plz Don't Be Sad",highlight,4,50.38,59.73,49.24,53.12
"TRASH (Feat. pH-1)","whee in",2,63.20,31.36,64.74,53.1
"Need to Know","doja cat",1,73.00,21.49,64.74,53.08
"Close To You",rihanna,6,46.80,68.32,43.63,52.92
ISLAND,youha,1,72.48,21.49,64.74,52.9
"Chain - Korean Version","nct 127",5,53.47,59.73,45.39,52.86
"Out Of Control","the boyz",1,72.25,21.49,64.74,52.83
"Shake The Earth",elephante,6,42.01,68.32,48.05,52.79
"Son of Beast - English Version",to1,2,62.22,31.36,64.74,52.77
"Crazy Over You",blackpink,6,46.33,68.32,43.63,52.76
"Dancing Till We Drop","the boyz",1,72.03,21.49,64.74,52.75
Telephone,exo-sc,10,39.18,81.87,37.13,52.73
"Burn It","golden child",12,36.98,83.89,37.18,52.68
Potions,slander,9,41.73,80.21,36.05,52.66
Rouge,tokimonsta,5,52.67,59.73,45.39,52.6
"fake smile","ariana grande",7,46.99,72.85,37.69,52.51
Aurora,ateez,6,41.04,68.32,48.05,52.47
"We Were Young - Robotaki Remix","petit biscuit",6,40.72,68.32,48.05,52.36
"Play It Cool","terry zhong",7,46.29,72.85,37.69,52.28
"Another Day","stray kids",5,51.68,59.73,45.39,52.27
"Dream Fatigue",waysh,2,60.51,31.36,64.74,52.2
"I CAN'T STOP ME",twice,9,43.87,80.21,32.43,52.17
Helios,ekali,7,39.14,72.85,44.48,52.16
"Worth It All",tritonal,6,44.24,68.32,43.63,52.06
"Higher Ground (feat. Naomi Wild)",odesza,6,39.59,68.32,48.05,51.99
"Flow (Habstrakt Remix)",nitepunk,1,69.73,21.49,64.74,51.99
"Way Back Home",shaun,5,40.95,77.44,37.13,51.84
Potion,"eric nam",7,44.71,72.85,37.69,51.75
Lucky,seventeen,9,38.88,80.21,36.05,51.71
"Best of Me","john k",6,42.98,68.32,43.63,51.64
Obelisk,robotaki,7,37.47,72.85,44.48,51.6
"Everywhere (BBC Children In Need)","niall horan",1,68.45,21.49,64.74,51.56
Something,"girl's day",3,48.52,41.23,64.74,51.5
"Love Lies (with Normani)",khalid,7,37.08,72.85,44.48,51.47
HELICOPTER,clc,9,38.12,80.21,36.05,51.46
"Most People (with Lukas Graham)",r3hab,1,68.12,21.49,64.74,51.45
"WITH U",ateez,9,36.26,80.21,37.8,51.42
"Shine Together",sf9,9,41.57,80.21,32.43,51.4
"Sukhumvit Swimming",onf,5,48.97,59.73,45.39,51.36
"Lights Out - Ghastly Remix",zomboy,9,37.76,80.21,36.05,51.34
Asteroid,imlay,1,67.56,21.49,64.74,51.26
Alice,"lady gaga",7,43.22,72.85,37.69,51.25
"Love So Sweet","cherry bullet",4,44.68,59.73,49.24,51.22
"One Step (feat. Jay Park)",hyolyn,2,57.51,31.36,64.74,51.2
"Take Me Home (feat. Bebe Rexha)","cash cash",7,43.02,72.85,37.69,51.19
"YOU CAN'T HOLD MY HEART","monsta x",8,39.85,77.44,36.28,51.19
"Late Night",loco,4,53.36,50.88,49.24,51.16
"Pass By",pell,5,42.72,59.73,50.99,51.15
"Ring My Bell","girl's day",2,56.69,31.36,64.74,50.93
"Jamais Vu",bts,4,52.47,50.88,49.24,50.86
SKYDIVE,verivery,10,38.36,81.87,32.26,50.83
"Hands Up","cherry bullet",7,41.76,72.85,37.69,50.77
"BRING IT",seventeen,6,35.90,68.32,48.05,50.76
"Magic Shop",bts,6,47.74,68.32,36.05,50.7
"We Young","nct dream",14,32.89,84.85,34.3,50.68
"Close to You","lee sang",1,65.77,21.49,64.74,50.67
Enough,sf9,2,55.71,31.36,64.74,50.6
"Memory Bank",dyro,2,55.69,31.36,64.74,50.6
"Come Back Again",infinite,2,55.23,31.36,64.74,50.44
"逆燃 Warrior (JOSHUA, 文俊辉, 徐明浩, MINGYU, VERNON from SEVENTEEN)",seventeen,1,65.03,21.49,64.74,50.42
Work,rihanna,7,44.08,72.85,34.3,50.41
Nobody,"xan griffin",8,39.92,77.44,33.79,50.38
"Open Mind",wonho,11,36.60,83.2,31.13,50.31
"Otra Noche Sin Ti","j balvin",2,54.80,31.36,64.74,50.3
"봄이 좋냐 What The Spring",10cm,2,54.60,31.36,64.74,50.23
"Full Moon",dreamcatcher,11,36.31,83.2,31.13,50.21
BOCA,dreamcatcher,7,43.45,72.85,34.3,50.2
"bad guy","billie eilish",7,43.31,72.85,34.3,50.15
MIST,ateez,7,43.26,72.85,34.3,50.14
Punch,"nct 127",7,43.22,72.85,34.3,50.12
"Numbers (feat. CHANGMO)",jamie,4,50.19,50.88,49.24,50.1
"To you",seventeen,10,31.59,88.85,29.82,50.09
Naughty,"red velvet - irene & seulgi",7,43.09,72.85,34.3,50.08
Bad,infinite,1,63.97,21.49,64.74,50.07
"Bad Girl Good Girl","miss a",2,54.04,31.36,64.74,50.05
Congratulations,"eric nam",11,37.08,83.2,29.71,50
"Bon voyage",yooa,6,38.04,68.32,43.63,50
"Love U","chung ha",2,53.82,31.36,64.74,49.97
Hold,winner,7,42.71,72.85,34.3,49.95
"Ice Cream (with Selena Gomez)",blackpink,11,36.90,83.2,29.71,49.94
"Running - Acoustic","dragon stone",6,37.87,68.32,43.63,49.94
"Take Me Higher",a.c.e,8,38.52,77.44,33.79,49.92
"Saving Lives",armnhmr,1,63.52,21.49,64.74,49.92
Horizon,ingenia,7,42.56,72.85,34.3,49.9
"Thanks to",woodz,6,33.17,72.85,43.63,49.88
"Red Smoke",elephante,5,44.41,59.73,45.39,49.84
"HALA HALA (Hearts Awakened, Live Alive)",ateez,11,36.61,83.2,29.71,49.84
XI,"code kunst",8,38.20,77.44,33.79,49.81
"Follow My Feet (Elephante Remix)","the unlikely candidates",5,44.29,59.73,45.39,49.8
Baby,chanmina,1,63.01,21.49,64.74,49.75
"Know Your Worth",khalid,6,44.66,68.32,36.05,49.68
"Been There Done That (feat. Tove Styrke)",notd,2,52.88,31.36,64.74,49.66
JUMPER,cravity,2,52.83,31.36,64.74,49.64
"Never Abandon Your Family","kanye west",1,62.58,21.49,64.74,49.6
"My Universe",coldplay,1,62.49,21.49,64.74,49.57
"How To Love (feat. GRAY)",ally,2,52.58,31.36,64.74,49.56
"Love Me Harder",woodz,9,32.34,80.21,36.05,49.53
Weekend,taeyeon,2,52.21,31.36,64.74,49.44
"Stay Beautiful - Jamie Ver.",jamie,8,36.44,77.44,33.79,49.22
Pinwheel,seventeen,5,42.50,59.73,45.39,49.21
"Sad Machine","porter robinson",9,34.93,80.21,32.43,49.19
"LOVE BOMB",fromis_9,5,42.34,59.73,45.39,49.15
"Pinky Star (RUN)",gwsn,5,41.53,59.73,45.39,48.88
"What You Waiting For","jeon somi",8,38.86,77.44,30.16,48.82
247,seventeen,4,51.94,50.88,43.63,48.82
Surf,to1,8,35.19,77.44,33.79,48.81
"Punk Right Now",hyo,2,50.28,31.36,64.74,48.79
"Highway to Heaven - English Version","nct 127",3,56.93,41.23,48.05,48.74
"Say My Name",ateez,10,34.42,81.87,29.82,48.7
"Enter the Void",katzhu,7,35.38,72.85,37.69,48.64
갈증,"monsta x",2,49.77,31.36,64.74,48.62
"100 Ways","jackson wang",8,32.07,77.44,36.28,48.6
"In Your Eyes","the weeknd",10,31.56,81.87,32.26,48.56
"행복했던 날들이었다 days gone by",day6,4,51.14,50.88,43.63,48.55
"MIC Drop (Steve Aoki Remix) [Full Length Edition]",bts,4,51.10,50.88,43.63,48.54
"Body Back (feat. Maia Wright)",gryffin,8,38.03,77.44,30.16,48.54
Scream,dreamcatcher,8,37.95,77.44,30.16,48.52
"Love No.5",sf9,4,51.03,50.88,43.63,48.51
"Up & Down",exid,4,50.96,50.88,43.63,48.49
ENEMY,kard,4,50.91,50.88,43.63,48.47
"Losing You",wonho,4,50.84,50.88,43.63,48.45
"Come Through","eric nam",4,50.75,50.88,43.63,48.42
"Troll (Feat. DEAN)",iu,4,50.65,50.88,43.63,48.39
"Check This Out","toby green",4,50.61,50.88,43.63,48.37
"Fall Apart",dubvision,4,50.60,50.88,43.63,48.37
"show me","san holo",4,50.50,50.88,43.63,48.34
"Starry Sky",astro,4,50.52,50.88,43.63,48.34
"water color","whee in",4,50.48,50.88,43.63,48.33
"Vart du sover","victor leksell",6,40.56,68.32,36.05,48.31
"Everyday, Everyday","manila killa",4,50.40,50.88,43.63,48.3
"Cold Water","major lazer",4,50.35,50.88,43.63,48.29
FEVER,ateez,8,33.62,77.44,33.79,48.28
